<application>
  <component name="ExternalResourceManagerImpl">
    <ignored-resource url="http://schemas.xmlsoap.org/soap/envelope/" />
    <ignored-resource url="http://tempuri.org/" />
    <ignored-resource url="http://www.netservicos.com.br/ativar/roteamento/agendamento/DisponibilidadePeriodo12V2" />
    <ignored-resource url="http://www.netservicos.com.br/modelocanonico/v2/evento" />
    <ignored-resource url="http://www.netservicos.com.br/roteamento/agenda" />
    <ignored-resource url="http://www.netservicos.com.br/v2/NetHeader" />
    <ignored-resource url="http://www.viaembratel.com.br/modulointegrador/venda/AgendamentoV1/" />
    <ignored-resource url="http://www.viaembratel.com.br/servico/venda/consultarPeriodosDisponiveisOS/types" />
    <ignored-resource url="http://www.w3.org/2003/05/soap-envelope" />
    <ignored-resource url="http://www.w3.org/2003/05/soap-envelope/" />
  </component>
</application>