<keymap version="1" name="Windows copy" parent="$default">
  <action id="ActivateProjectToolWindow">
    <keyboard-shortcut first-keystroke="shift alt b" />
  </action>
  <action id="ChangesView.UnshelveSilently" />
  <action id="FileChooser.LightEditGotoOpenedFile">
    <keyboard-shortcut first-keystroke="ctrl t" />
  </action>
  <action id="FindUsages">
    <keyboard-shortcut first-keystroke="alt f7" />
    <keyboard-shortcut first-keystroke="ctrl alt u" />
  </action>
  <action id="SelectInProjectView">
    <keyboard-shortcut first-keystroke="alt t" />
  </action>
  <action id="Vcs.UpdateProject" />
  <action id="tasks.open.in.browser" />
</keymap>